txn_id,amount,status,timestamp,remarks
TXN147074,2769.2,posted,2025-07-10 16:25:23,Account error
TXN365853,8414.28,posted,2025-07-13 10:37:23,Account error
TXN276074,520.87,failed,2025-07-12 21:51:23,Success
TXN852265,352.91,posted,2025-07-15 04:36:23,Posted with delay
TXN243818,7252.58,posted,2025-07-13 23:54:23,Timeout
TXN153223,1143.21,posted,2025-07-13 22:04:23,Account error
TXN808649,8985.1,posted,2025-07-13 03:34:23,Account error
TXN882074,1274.34,posted,2025-07-12 09:49:23,Timeout
TXN115080,1753.49,failed,2025-07-14 06:33:23,Account error
TXN813011,8799.9,posted,2025-07-15 14:23:23,Posted with delay
TXN180093,8951.65,pending,2025-07-14 13:43:23,Account error
TXN747326,8801.03,failed,2025-07-13 10:58:23,Success
TXN692842,3071.14,posted,2025-07-15 01:10:23,Posted with delay
TXN476725,3838.75,posted,2025-07-13 10:34:23,Posted with delay
TXN464186,1809.11,posted,2025-07-11 08:09:23,Posted with delay
TXN178761,7926.98,posted,2025-07-14 04:38:23,Success
TXN852290,5789.96,failed,2025-07-13 13:10:23,Success
TXN768536,8103.59,posted,2025-07-12 11:03:23,Posted with delay
TXN701564,3173.1,posted,2025-07-13 07:17:23,Success
TXN680030,6989.46,pending,2025-07-10 12:28:23,Posted with delay
